StudyName,EnvironmentName,SiteGroupName,SiteID,SiteNumber,SiteName,SubjectID,SubjectName,CRFVersion,SubjectStatus,Created,ParamStudy,ParamEnvironment,ParamSiteGroup,ParamSites,ParamSubjects,Login,RoleName,PrintDateTime,TimeZone
BGB-3111-217,UAT,World,1721,UATU0001,BGB UAT Test Site 1,258577,1,8134,Enrolled,6/29/2020 12:41,BGB-3111-217,UAT,World,All,All,Huijia.Yu331,Data Manager,2/2/2021 9:29,GMT
BGB-3111-217,UAT,World,1721,UATU0001,BGB UAT Test Site 1,303338,11222,8562,Screen Failed,9/17/2020 2:05,BGB-3111-217,UAT,World,All,All,Huijia.Yu331,Data Manager,2/2/2021 9:29,GMT
BGB-3111-217,UAT,World,1721,UATU0001,BGB UAT Test Site 1,305387,11444,8562,Enrolled,9/18/2020 2:59,BGB-3111-217,UAT,World,All,All,Huijia.Yu331,Data Manager,2/2/2021 9:29,GMT
BGB-3111-217,UAT,World,1721,UATU0001,BGB UAT Test Site 1,309326,22333,8934,Screening,9/30/2020 6:41,BGB-3111-217,UAT,World,All,All,Huijia.Yu331,Data Manager,2/2/2021 9:29,GMT
BGB-3111-217,UAT,World,1721,UATU0001,BGB UAT Test Site 1,312356,35678,8934,Screening,10/20/2020 6:34,BGB-3111-217,UAT,World,All,All,Huijia.Yu331,Data Manager,2/2/2021 9:29,GMT
BGB-3111-217,UAT,World,1721,UATU0001,BGB UAT Test Site 1,320585,999999-001,9133,Randomized,11/16/2020 6:05,BGB-3111-217,UAT,World,All,All,Huijia.Yu331,Data Manager,2/2/2021 9:29,GMT
BGB-3111-217,UAT,World,1721,UATU0001,BGB UAT Test Site 1,362433,H001,9518,Randomized,1/28/2021 1:32,BGB-3111-217,UAT,World,All,All,Huijia.Yu331,Data Manager,2/2/2021 9:29,GMT
BGB-3111-217,UAT,World,1721,UATU0001,BGB UAT Test Site 1,363219,H002,9567,Randomized,1/28/2021 7:01,BGB-3111-217,UAT,World,All,All,Huijia.Yu331,Data Manager,2/2/2021 9:29,GMT
BGB-3111-217,UAT,World,1721,UATU0001,BGB UAT Test Site 1,316194,Y001,8934,Screening,11/1/2020 5:52,BGB-3111-217,UAT,World,All,All,Huijia.Yu331,Data Manager,2/2/2021 9:29,GMT
BGB-3111-217,UAT,World,1721,UATU0001,BGB UAT Test Site 1,316250,Y002,8934,Screening,11/2/2020 9:53,BGB-3111-217,UAT,World,All,All,Huijia.Yu331,Data Manager,2/2/2021 9:29,GMT
BGB-3111-217,UAT,World,1722,UATU0002,BGB UAT Test Site 2,259154,1,8134,Completed,7/6/2020 2:16,BGB-3111-217,UAT,World,All,All,Huijia.Yu331,Data Manager,2/2/2021 9:29,GMT
BGB-3111-217,UAT,World,1722,UATU0002,BGB UAT Test Site 2,259826,2,8462,Enrolled,7/8/2020 3:12,BGB-3111-217,UAT,World,All,All,Huijia.Yu331,Data Manager,2/2/2021 9:29,GMT
BGB-3111-217,UAT,World,1722,UATU0002,BGB UAT Test Site 2,259916,3,8462,Randomized,7/8/2020 8:30,BGB-3111-217,UAT,World,All,All,Huijia.Yu331,Data Manager,2/2/2021 9:29,GMT
BGB-3111-217,UAT,World,1722,UATU0002,BGB UAT Test Site 2,261850,4,8462,Screen Failed,7/9/2020 1:02,BGB-3111-217,UAT,World,All,All,Huijia.Yu331,Data Manager,2/2/2021 9:29,GMT
BGB-3111-217,UAT,World,1722,UATU0002,BGB UAT Test Site 2,261851,5,8462,Discontinued,7/9/2020 1:16,BGB-3111-217,UAT,World,All,All,Huijia.Yu331,Data Manager,2/2/2021 9:29,GMT
BGB-3111-217,UAT,World,1722,UATU0002,BGB UAT Test Site 2,262305,6,8462,Enrolled,7/10/2020 7:09,BGB-3111-217,UAT,World,All,All,Huijia.Yu331,Data Manager,2/2/2021 9:29,GMT
BGB-3111-217,UAT,World,1722,UATU0002,BGB UAT Test Site 2,262308,7,8462,Enrolled,7/10/2020 7:27,BGB-3111-217,UAT,World,All,All,Huijia.Yu331,Data Manager,2/2/2021 9:29,GMT
BGB-3111-217,UAT,World,1722,UATU0002,BGB UAT Test Site 2,262312,8,8462,Enrolled,7/10/2020 8:13,BGB-3111-217,UAT,World,All,All,Huijia.Yu331,Data Manager,2/2/2021 9:29,GMT
BGB-3111-217,UAT,World,1722,UATU0002,BGB UAT Test Site 2,262324,9,8462,Screening,7/10/2020 8:45,BGB-3111-217,UAT,World,All,All,Huijia.Yu331,Data Manager,2/2/2021 9:29,GMT
BGB-3111-217,UAT,World,1722,UATU0002,BGB UAT Test Site 2,262512,10,8462,Enrolled,7/13/2020 1:02,BGB-3111-217,UAT,World,All,All,Huijia.Yu331,Data Manager,2/2/2021 9:29,GMT
BGB-3111-217,UAT,World,1722,UATU0002,BGB UAT Test Site 2,262516,11,8462,Randomized,7/13/2020 1:52,BGB-3111-217,UAT,World,All,All,Huijia.Yu331,Data Manager,2/2/2021 9:29,GMT
BGB-3111-217,UAT,World,1722,UATU0002,BGB UAT Test Site 2,262529,12,8462,Enrolled,7/13/2020 3:32,BGB-3111-217,UAT,World,All,All,Huijia.Yu331,Data Manager,2/2/2021 9:29,GMT
BGB-3111-217,UAT,World,1722,UATU0002,BGB UAT Test Site 2,263193,13,8462,Enrolled,7/13/2020 8:44,BGB-3111-217,UAT,World,All,All,Huijia.Yu331,Data Manager,2/2/2021 9:29,GMT
BGB-3111-217,UAT,World,1722,UATU0002,BGB UAT Test Site 2,267917,14,8462,Enrolled,7/17/2020 7:45,BGB-3111-217,UAT,World,All,All,Huijia.Yu331,Data Manager,2/2/2021 9:29,GMT
BGB-3111-217,UAT,World,1722,UATU0002,BGB UAT Test Site 2,271607,15,8537,Enrolled,7/22/2020 7:24,BGB-3111-217,UAT,World,All,All,Huijia.Yu331,Data Manager,2/2/2021 9:29,GMT
BGB-3111-217,UAT,World,1722,UATU0002,BGB UAT Test Site 2,271613,16,8537,Screen Failed,7/22/2020 7:47,BGB-3111-217,UAT,World,All,All,Huijia.Yu331,Data Manager,2/2/2021 9:29,GMT
BGB-3111-217,UAT,World,1722,UATU0002,BGB UAT Test Site 2,273910,17,8537,Enrolled,7/23/2020 9:13,BGB-3111-217,UAT,World,All,All,Huijia.Yu331,Data Manager,2/2/2021 9:29,GMT
BGB-3111-217,UAT,World,1722,UATU0002,BGB UAT Test Site 2,273965,18,8537,Enrolled,7/24/2020 6:28,BGB-3111-217,UAT,World,All,All,Huijia.Yu331,Data Manager,2/2/2021 9:29,GMT
BGB-3111-217,UAT,World,1722,UATU0002,BGB UAT Test Site 2,274025,19,8562,Enrolled,7/27/2020 2:18,BGB-3111-217,UAT,World,All,All,Huijia.Yu331,Data Manager,2/2/2021 9:29,GMT
BGB-3111-217,UAT,World,1722,UATU0002,BGB UAT Test Site 2,275710,20,8562,Enrolled,7/28/2020 6:29,BGB-3111-217,UAT,World,All,All,Huijia.Yu331,Data Manager,2/2/2021 9:29,GMT
BGB-3111-217,UAT,World,1722,UATU0002,BGB UAT Test Site 2,283806,21,8562,Screen Failed,8/10/2020 6:19,BGB-3111-217,UAT,World,All,All,Huijia.Yu331,Data Manager,2/2/2021 9:29,GMT
BGB-3111-217,UAT,World,1722,UATU0002,BGB UAT Test Site 2,284870,22,8562,Enrolled,8/11/2020 6:28,BGB-3111-217,UAT,World,All,All,Huijia.Yu331,Data Manager,2/2/2021 9:29,GMT
BGB-3111-217,UAT,World,1722,UATU0002,BGB UAT Test Site 2,308200,23,8934,Screening,9/28/2020 6:38,BGB-3111-217,UAT,World,All,All,Huijia.Yu331,Data Manager,2/2/2021 9:29,GMT
BGB-3111-217,UAT,World,1722,UATU0002,BGB UAT Test Site 2,259886,101,8462,Screen Failed,7/8/2020 7:02,BGB-3111-217,UAT,World,All,All,Huijia.Yu331,Data Manager,2/2/2021 9:29,GMT
BGB-3111-217,UAT,World,1722,UATU0002,BGB UAT Test Site 2,259894,102,8462,Screen Failed,7/8/2020 7:09,BGB-3111-217,UAT,World,All,All,Huijia.Yu331,Data Manager,2/2/2021 9:29,GMT
BGB-3111-217,UAT,World,1722,UATU0002,BGB UAT Test Site 2,259895,103,8462,Screen Failed,7/8/2020 7:10,BGB-3111-217,UAT,World,All,All,Huijia.Yu331,Data Manager,2/2/2021 9:29,GMT
BGB-3111-217,UAT,World,1722,UATU0002,BGB UAT Test Site 2,259896,104,8462,Screen Failed,7/8/2020 7:11,BGB-3111-217,UAT,World,All,All,Huijia.Yu331,Data Manager,2/2/2021 9:29,GMT
BGB-3111-217,UAT,World,1722,UATU0002,BGB UAT Test Site 2,259897,105,8462,Enrolled,7/8/2020 7:14,BGB-3111-217,UAT,World,All,All,Huijia.Yu331,Data Manager,2/2/2021 9:29,GMT
BGB-3111-217,UAT,World,1722,UATU0002,BGB UAT Test Site 2,259904,106,8462,Enrolled,7/8/2020 7:35,BGB-3111-217,UAT,World,All,All,Huijia.Yu331,Data Manager,2/2/2021 9:29,GMT
BGB-3111-217,UAT,World,1722,UATU0002,BGB UAT Test Site 2,261898,107,8462,Enrolled,7/9/2020 5:16,BGB-3111-217,UAT,World,All,All,Huijia.Yu331,Data Manager,2/2/2021 9:29,GMT
BGB-3111-217,UAT,World,1722,UATU0002,BGB UAT Test Site 2,261909,108,8462,Enrolled,7/9/2020 5:41,BGB-3111-217,UAT,World,All,All,Huijia.Yu331,Data Manager,2/2/2021 9:29,GMT
BGB-3111-217,UAT,World,1722,UATU0002,BGB UAT Test Site 2,262145,109,8462,Screen Failed,7/10/2020 0:18,BGB-3111-217,UAT,World,All,All,Huijia.Yu331,Data Manager,2/2/2021 9:29,GMT
BGB-3111-217,UAT,World,1722,UATU0002,BGB UAT Test Site 2,262384,110,8462,Enrolled,7/12/2020 1:31,BGB-3111-217,UAT,World,All,All,Huijia.Yu331,Data Manager,2/2/2021 9:29,GMT
BGB-3111-217,UAT,World,1722,UATU0002,BGB UAT Test Site 2,262386,111,8462,Enrolled,7/12/2020 3:48,BGB-3111-217,UAT,World,All,All,Huijia.Yu331,Data Manager,2/2/2021 9:29,GMT
BGB-3111-217,UAT,World,1722,UATU0002,BGB UAT Test Site 2,262387,112,8462,Screening,7/12/2020 3:57,BGB-3111-217,UAT,World,All,All,Huijia.Yu331,Data Manager,2/2/2021 9:29,GMT
BGB-3111-217,UAT,World,1722,UATU0002,BGB UAT Test Site 2,262390,113,8462,Enrolled,7/12/2020 6:01,BGB-3111-217,UAT,World,All,All,Huijia.Yu331,Data Manager,2/2/2021 9:29,GMT
BGB-3111-217,UAT,World,1722,UATU0002,BGB UAT Test Site 2,262528,115,8462,Enrolled,7/13/2020 3:27,BGB-3111-217,UAT,World,All,All,Huijia.Yu331,Data Manager,2/2/2021 9:29,GMT
BGB-3111-217,UAT,World,1722,UATU0002,BGB UAT Test Site 2,271596,121,8537,Screen Failed,7/22/2020 6:52,BGB-3111-217,UAT,World,All,All,Huijia.Yu331,Data Manager,2/2/2021 9:29,GMT
BGB-3111-217,UAT,World,1722,UATU0002,BGB UAT Test Site 2,273846,122,8537,Enrolled,7/23/2020 1:47,BGB-3111-217,UAT,World,All,All,Huijia.Yu331,Data Manager,2/2/2021 9:29,GMT
BGB-3111-217,UAT,World,1722,UATU0002,BGB UAT Test Site 2,274082,125,8562,Enrolled,7/27/2020 2:59,BGB-3111-217,UAT,World,All,All,Huijia.Yu331,Data Manager,2/2/2021 9:29,GMT
BGB-3111-217,UAT,World,1722,UATU0002,BGB UAT Test Site 2,259804,201,8462,Randomized,7/8/2020 2:05,BGB-3111-217,UAT,World,All,All,Huijia.Yu331,Data Manager,2/2/2021 9:29,GMT
BGB-3111-217,UAT,World,1722,UATU0002,BGB UAT Test Site 2,259814,202,8462,Enrolled,7/8/2020 2:46,BGB-3111-217,UAT,World,All,All,Huijia.Yu331,Data Manager,2/2/2021 9:29,GMT
BGB-3111-217,UAT,World,1722,UATU0002,BGB UAT Test Site 2,259824,203,8462,Enrolled,7/8/2020 3:07,BGB-3111-217,UAT,World,All,All,Huijia.Yu331,Data Manager,2/2/2021 9:29,GMT
BGB-3111-217,UAT,World,1722,UATU0002,BGB UAT Test Site 2,259831,204,8462,Enrolled,7/8/2020 3:28,BGB-3111-217,UAT,World,All,All,Huijia.Yu331,Data Manager,2/2/2021 9:29,GMT
BGB-3111-217,UAT,World,1722,UATU0002,BGB UAT Test Site 2,259839,205,8462,Enrolled,7/8/2020 5:15,BGB-3111-217,UAT,World,All,All,Huijia.Yu331,Data Manager,2/2/2021 9:29,GMT
BGB-3111-217,UAT,World,1722,UATU0002,BGB UAT Test Site 2,259883,206,8462,Enrolled,7/8/2020 6:53,BGB-3111-217,UAT,World,All,All,Huijia.Yu331,Data Manager,2/2/2021 9:29,GMT
BGB-3111-217,UAT,World,1722,UATU0002,BGB UAT Test Site 2,261854,207,8462,Enrolled,7/9/2020 1:37,BGB-3111-217,UAT,World,All,All,Huijia.Yu331,Data Manager,2/2/2021 9:29,GMT
BGB-3111-217,UAT,World,1722,UATU0002,BGB UAT Test Site 2,261882,208,8462,Enrolled,7/9/2020 2:31,BGB-3111-217,UAT,World,All,All,Huijia.Yu331,Data Manager,2/2/2021 9:29,GMT
BGB-3111-217,UAT,World,1722,UATU0002,BGB UAT Test Site 2,261888,209,8462,Enrolled,7/9/2020 2:47,BGB-3111-217,UAT,World,All,All,Huijia.Yu331,Data Manager,2/2/2021 9:29,GMT
BGB-3111-217,UAT,World,1722,UATU0002,BGB UAT Test Site 2,261924,210,8462,Screen Failed,7/9/2020 6:37,BGB-3111-217,UAT,World,All,All,Huijia.Yu331,Data Manager,2/2/2021 9:29,GMT
BGB-3111-217,UAT,World,1722,UATU0002,BGB UAT Test Site 2,262148,211,8462,Enrolled,7/10/2020 1:27,BGB-3111-217,UAT,World,All,All,Huijia.Yu331,Data Manager,2/2/2021 9:29,GMT
BGB-3111-217,UAT,World,1722,UATU0002,BGB UAT Test Site 2,271585,212,8537,Enrolled,7/22/2020 6:31,BGB-3111-217,UAT,World,All,All,Huijia.Yu331,Data Manager,2/2/2021 9:29,GMT
BGB-3111-217,UAT,World,1722,UATU0002,BGB UAT Test Site 2,271599,213,8537,Enrolled,7/22/2020 6:57,BGB-3111-217,UAT,World,All,All,Huijia.Yu331,Data Manager,2/2/2021 9:29,GMT
BGB-3111-217,UAT,World,1722,UATU0002,BGB UAT Test Site 2,271600,214,8537,Enrolled,7/22/2020 7:00,BGB-3111-217,UAT,World,All,All,Huijia.Yu331,Data Manager,2/2/2021 9:29,GMT
BGB-3111-217,UAT,World,1722,UATU0002,BGB UAT Test Site 2,271604,215,8537,Enrolled,7/22/2020 7:09,BGB-3111-217,UAT,World,All,All,Huijia.Yu331,Data Manager,2/2/2021 9:29,GMT
BGB-3111-217,UAT,World,1722,UATU0002,BGB UAT Test Site 2,271606,216,8537,Enrolled,7/22/2020 7:21,BGB-3111-217,UAT,World,All,All,Huijia.Yu331,Data Manager,2/2/2021 9:29,GMT
BGB-3111-217,UAT,World,1722,UATU0002,BGB UAT Test Site 2,274083,217,8562,Enrolled,7/27/2020 3:03,BGB-3111-217,UAT,World,All,All,Huijia.Yu331,Data Manager,2/2/2021 9:29,GMT
BGB-3111-217,UAT,World,1722,UATU0002,BGB UAT Test Site 2,274091,218,8562,Enrolled,7/27/2020 3:12,BGB-3111-217,UAT,World,All,All,Huijia.Yu331,Data Manager,2/2/2021 9:29,GMT
BGB-3111-217,UAT,World,1722,UATU0002,BGB UAT Test Site 2,259840,301,8462,Enrolled,7/8/2020 5:20,BGB-3111-217,UAT,World,All,All,Huijia.Yu331,Data Manager,2/2/2021 9:29,GMT
BGB-3111-217,UAT,World,1722,UATU0002,BGB UAT Test Site 2,259841,302,8462,Screen Failed,7/8/2020 5:24,BGB-3111-217,UAT,World,All,All,Huijia.Yu331,Data Manager,2/2/2021 9:29,GMT
BGB-3111-217,UAT,World,1722,UATU0002,BGB UAT Test Site 2,259898,303,8462,Enrolled,7/8/2020 7:18,BGB-3111-217,UAT,World,All,All,Huijia.Yu331,Data Manager,2/2/2021 9:29,GMT
BGB-3111-217,UAT,World,1722,UATU0002,BGB UAT Test Site 2,259905,304,8462,Enrolled,7/8/2020 7:45,BGB-3111-217,UAT,World,All,All,Huijia.Yu331,Data Manager,2/2/2021 9:29,GMT
BGB-3111-217,UAT,World,1722,UATU0002,BGB UAT Test Site 2,259906,305,8462,Enrolled,7/8/2020 7:45,BGB-3111-217,UAT,World,All,All,Huijia.Yu331,Data Manager,2/2/2021 9:29,GMT
BGB-3111-217,UAT,World,1722,UATU0002,BGB UAT Test Site 2,261865,306,8462,Enrolled,7/9/2020 2:07,BGB-3111-217,UAT,World,All,All,Huijia.Yu331,Data Manager,2/2/2021 9:29,GMT
BGB-3111-217,UAT,World,1722,UATU0002,BGB UAT Test Site 2,261904,307,8462,Enrolled,7/9/2020 5:40,BGB-3111-217,UAT,World,All,All,Huijia.Yu331,Data Manager,2/2/2021 9:29,GMT
BGB-3111-217,UAT,World,1722,UATU0002,BGB UAT Test Site 2,261905,308,8462,Enrolled,7/9/2020 5:40,BGB-3111-217,UAT,World,All,All,Huijia.Yu331,Data Manager,2/2/2021 9:29,GMT
BGB-3111-217,UAT,World,1722,UATU0002,BGB UAT Test Site 2,261906,309,8462,Enrolled,7/9/2020 5:40,BGB-3111-217,UAT,World,All,All,Huijia.Yu331,Data Manager,2/2/2021 9:29,GMT
BGB-3111-217,UAT,World,1722,UATU0002,BGB UAT Test Site 2,261907,310,8462,Enrolled,7/9/2020 5:40,BGB-3111-217,UAT,World,All,All,Huijia.Yu331,Data Manager,2/2/2021 9:29,GMT
BGB-3111-217,UAT,World,1722,UATU0002,BGB UAT Test Site 2,261946,311,8462,Enrolled,7/9/2020 7:38,BGB-3111-217,UAT,World,All,All,Huijia.Yu331,Data Manager,2/2/2021 9:29,GMT
BGB-3111-217,UAT,World,1722,UATU0002,BGB UAT Test Site 2,261947,312,8462,Screening,7/9/2020 7:38,BGB-3111-217,UAT,World,All,All,Huijia.Yu331,Data Manager,2/2/2021 9:29,GMT
BGB-3111-217,UAT,World,1722,UATU0002,BGB UAT Test Site 2,261948,313,8462,Enrolled,7/9/2020 7:38,BGB-3111-217,UAT,World,All,All,Huijia.Yu331,Data Manager,2/2/2021 9:29,GMT
BGB-3111-217,UAT,World,1722,UATU0002,BGB UAT Test Site 2,261949,314,8462,Enrolled,7/9/2020 7:38,BGB-3111-217,UAT,World,All,All,Huijia.Yu331,Data Manager,2/2/2021 9:29,GMT
BGB-3111-217,UAT,World,1722,UATU0002,BGB UAT Test Site 2,261950,315,8462,Enrolled,7/9/2020 7:38,BGB-3111-217,UAT,World,All,All,Huijia.Yu331,Data Manager,2/2/2021 9:29,GMT
BGB-3111-217,UAT,World,1722,UATU0002,BGB UAT Test Site 2,261951,316,8462,Enrolled,7/9/2020 7:38,BGB-3111-217,UAT,World,All,All,Huijia.Yu331,Data Manager,2/2/2021 9:29,GMT
BGB-3111-217,UAT,World,1722,UATU0002,BGB UAT Test Site 2,261952,317,8462,Enrolled,7/9/2020 7:39,BGB-3111-217,UAT,World,All,All,Huijia.Yu331,Data Manager,2/2/2021 9:29,GMT
BGB-3111-217,UAT,World,1722,UATU0002,BGB UAT Test Site 2,261953,318,8462,Screening,7/9/2020 7:39,BGB-3111-217,UAT,World,All,All,Huijia.Yu331,Data Manager,2/2/2021 9:29,GMT
BGB-3111-217,UAT,World,1722,UATU0002,BGB UAT Test Site 2,261954,319,8462,Screening,7/9/2020 7:39,BGB-3111-217,UAT,World,All,All,Huijia.Yu331,Data Manager,2/2/2021 9:29,GMT
BGB-3111-217,UAT,World,1722,UATU0002,BGB UAT Test Site 2,259810,401,8462,Screen Failed,7/8/2020 2:42,BGB-3111-217,UAT,World,All,All,Huijia.Yu331,Data Manager,2/2/2021 9:29,GMT
BGB-3111-217,UAT,World,1722,UATU0002,BGB UAT Test Site 2,259818,402,8462,Screen Failed,7/8/2020 2:55,BGB-3111-217,UAT,World,All,All,Huijia.Yu331,Data Manager,2/2/2021 9:29,GMT
BGB-3111-217,UAT,World,1722,UATU0002,BGB UAT Test Site 2,259887,403,8462,Enrolled,7/8/2020 7:02,BGB-3111-217,UAT,World,All,All,Huijia.Yu331,Data Manager,2/2/2021 9:29,GMT
BGB-3111-217,UAT,World,1722,UATU0002,BGB UAT Test Site 2,259911,404,8462,Enrolled,7/8/2020 7:59,BGB-3111-217,UAT,World,All,All,Huijia.Yu331,Data Manager,2/2/2021 9:29,GMT
BGB-3111-217,UAT,World,1722,UATU0002,BGB UAT Test Site 2,259919,405,8462,Enrolled,7/8/2020 8:42,BGB-3111-217,UAT,World,All,All,Huijia.Yu331,Data Manager,2/2/2021 9:29,GMT
BGB-3111-217,UAT,World,1722,UATU0002,BGB UAT Test Site 2,261849,406,8462,Enrolled,7/9/2020 0:44,BGB-3111-217,UAT,World,All,All,Huijia.Yu331,Data Manager,2/2/2021 9:29,GMT
BGB-3111-217,UAT,World,1722,UATU0002,BGB UAT Test Site 2,261856,407,8462,Screening,7/9/2020 1:40,BGB-3111-217,UAT,World,All,All,Huijia.Yu331,Data Manager,2/2/2021 9:29,GMT
BGB-3111-217,UAT,World,1722,UATU0002,BGB UAT Test Site 2,261925,410,8462,Screen Failed,7/9/2020 6:37,BGB-3111-217,UAT,World,All,All,Huijia.Yu331,Data Manager,2/2/2021 9:29,GMT
BGB-3111-217,UAT,World,1722,UATU0002,BGB UAT Test Site 2,262513,490,8462,Screen Failed,7/13/2020 1:24,BGB-3111-217,UAT,World,All,All,Huijia.Yu331,Data Manager,2/2/2021 9:29,GMT
BGB-3111-217,UAT,World,1722,UATU0002,BGB UAT Test Site 2,262280,498,8462,Screening,7/10/2020 5:39,BGB-3111-217,UAT,World,All,All,Huijia.Yu331,Data Manager,2/2/2021 9:29,GMT
BGB-3111-217,UAT,World,1722,UATU0002,BGB UAT Test Site 2,262165,499,8462,Enrolled,7/10/2020 3:27,BGB-3111-217,UAT,World,All,All,Huijia.Yu331,Data Manager,2/2/2021 9:29,GMT
BGB-3111-217,UAT,World,1722,UATU0002,BGB UAT Test Site 2,261855,501,8462,Screening,7/9/2020 1:39,BGB-3111-217,UAT,World,All,All,Huijia.Yu331,Data Manager,2/2/2021 9:29,GMT
BGB-3111-217,UAT,World,1722,UATU0002,BGB UAT Test Site 2,259819,501,8462,Enrolled,7/8/2020 2:55,BGB-3111-217,UAT,World,All,All,Huijia.Yu331,Data Manager,2/2/2021 9:29,GMT
BGB-3111-217,UAT,World,1722,UATU0002,BGB UAT Test Site 2,259842,502,8462,Enrolled,7/8/2020 5:31,BGB-3111-217,UAT,World,All,All,Huijia.Yu331,Data Manager,2/2/2021 9:29,GMT
BGB-3111-217,UAT,World,1722,UATU0002,BGB UAT Test Site 2,259850,503,8462,Enrolled,7/8/2020 6:10,BGB-3111-217,UAT,World,All,All,Huijia.Yu331,Data Manager,2/2/2021 9:29,GMT
BGB-3111-217,UAT,World,1722,UATU0002,BGB UAT Test Site 2,259901,504,8462,Enrolled,7/8/2020 7:24,BGB-3111-217,UAT,World,All,All,Huijia.Yu331,Data Manager,2/2/2021 9:29,GMT
BGB-3111-217,UAT,World,1722,UATU0002,BGB UAT Test Site 2,259908,505,8462,Enrolled,7/8/2020 7:48,BGB-3111-217,UAT,World,All,All,Huijia.Yu331,Data Manager,2/2/2021 9:29,GMT
BGB-3111-217,UAT,World,1722,UATU0002,BGB UAT Test Site 2,259920,506,8462,Screen Failed,7/8/2020 8:43,BGB-3111-217,UAT,World,All,All,Huijia.Yu331,Data Manager,2/2/2021 9:29,GMT
BGB-3111-217,UAT,World,1722,UATU0002,BGB UAT Test Site 2,261864,507,8462,Screening,7/9/2020 2:06,BGB-3111-217,UAT,World,All,All,Huijia.Yu331,Data Manager,2/2/2021 9:29,GMT
BGB-3111-217,UAT,World,1722,UATU0002,BGB UAT Test Site 2,261867,508,8462,Screen Failed,7/9/2020 2:13,BGB-3111-217,UAT,World,All,All,Huijia.Yu331,Data Manager,2/2/2021 9:29,GMT
BGB-3111-217,UAT,World,1722,UATU0002,BGB UAT Test Site 2,261870,509,8462,Enrolled,7/9/2020 2:17,BGB-3111-217,UAT,World,All,All,Huijia.Yu331,Data Manager,2/2/2021 9:29,GMT
BGB-3111-217,UAT,World,1722,UATU0002,BGB UAT Test Site 2,261871,510,8462,Randomized,7/9/2020 2:22,BGB-3111-217,UAT,World,All,All,Huijia.Yu331,Data Manager,2/2/2021 9:29,GMT
BGB-3111-217,UAT,World,1722,UATU0002,BGB UAT Test Site 2,261873,511,8462,Discontinued,7/9/2020 2:24,BGB-3111-217,UAT,World,All,All,Huijia.Yu331,Data Manager,2/2/2021 9:29,GMT
BGB-3111-217,UAT,World,1722,UATU0002,BGB UAT Test Site 2,261875,512,8462,Completed,7/9/2020 2:26,BGB-3111-217,UAT,World,All,All,Huijia.Yu331,Data Manager,2/2/2021 9:29,GMT
BGB-3111-217,UAT,World,1722,UATU0002,BGB UAT Test Site 2,261884,513,8462,Enrolled,7/9/2020 2:36,BGB-3111-217,UAT,World,All,All,Huijia.Yu331,Data Manager,2/2/2021 9:29,GMT
BGB-3111-217,UAT,World,1722,UATU0002,BGB UAT Test Site 2,261893,514,8462,Enrolled,7/9/2020 3:11,BGB-3111-217,UAT,World,All,All,Huijia.Yu331,Data Manager,2/2/2021 9:29,GMT
BGB-3111-217,UAT,World,1722,UATU0002,BGB UAT Test Site 2,261913,515,8462,Enrolled,7/9/2020 5:44,BGB-3111-217,UAT,World,All,All,Huijia.Yu331,Data Manager,2/2/2021 9:29,GMT
BGB-3111-217,UAT,World,1722,UATU0002,BGB UAT Test Site 2,261918,516,8462,Enrolled,7/9/2020 6:19,BGB-3111-217,UAT,World,All,All,Huijia.Yu331,Data Manager,2/2/2021 9:29,GMT
BGB-3111-217,UAT,World,1722,UATU0002,BGB UAT Test Site 2,261927,517,8462,Enrolled,7/9/2020 6:50,BGB-3111-217,UAT,World,All,All,Huijia.Yu331,Data Manager,2/2/2021 9:29,GMT
BGB-3111-217,UAT,World,1722,UATU0002,BGB UAT Test Site 2,261938,518,8462,Enrolled,7/9/2020 7:21,BGB-3111-217,UAT,World,All,All,Huijia.Yu331,Data Manager,2/2/2021 9:29,GMT
BGB-3111-217,UAT,World,1722,UATU0002,BGB UAT Test Site 2,261945,519,8462,Enrolled,7/9/2020 7:32,BGB-3111-217,UAT,World,All,All,Huijia.Yu331,Data Manager,2/2/2021 9:29,GMT
BGB-3111-217,UAT,World,1722,UATU0002,BGB UAT Test Site 2,261974,520,8462,Enrolled,7/9/2020 8:54,BGB-3111-217,UAT,World,All,All,Huijia.Yu331,Data Manager,2/2/2021 9:29,GMT
BGB-3111-217,UAT,World,1722,UATU0002,BGB UAT Test Site 2,262275,521,8462,Enrolled,7/10/2020 5:27,BGB-3111-217,UAT,World,All,All,Huijia.Yu331,Data Manager,2/2/2021 9:29,GMT
BGB-3111-217,UAT,World,1722,UATU0002,BGB UAT Test Site 2,262277,522,8462,Enrolled,7/10/2020 5:36,BGB-3111-217,UAT,World,All,All,Huijia.Yu331,Data Manager,2/2/2021 9:29,GMT
BGB-3111-217,UAT,World,1722,UATU0002,BGB UAT Test Site 2,262279,523,8462,Enrolled,7/10/2020 5:39,BGB-3111-217,UAT,World,All,All,Huijia.Yu331,Data Manager,2/2/2021 9:29,GMT
BGB-3111-217,UAT,World,1722,UATU0002,BGB UAT Test Site 2,262281,524,8462,Enrolled,7/10/2020 5:43,BGB-3111-217,UAT,World,All,All,Huijia.Yu331,Data Manager,2/2/2021 9:29,GMT
BGB-3111-217,UAT,World,1722,UATU0002,BGB UAT Test Site 2,262283,525,8462,Enrolled,7/10/2020 5:47,BGB-3111-217,UAT,World,All,All,Huijia.Yu331,Data Manager,2/2/2021 9:29,GMT
BGB-3111-217,UAT,World,1722,UATU0002,BGB UAT Test Site 2,262292,526,8462,Enrolled,7/10/2020 6:32,BGB-3111-217,UAT,World,All,All,Huijia.Yu331,Data Manager,2/2/2021 9:29,GMT
BGB-3111-217,UAT,World,1722,UATU0002,BGB UAT Test Site 2,259813,601,8462,Enrolled,7/8/2020 2:46,BGB-3111-217,UAT,World,All,All,Huijia.Yu331,Data Manager,2/2/2021 9:29,GMT
BGB-3111-217,UAT,World,1722,UATU0002,BGB UAT Test Site 2,259882,602,8462,Enrolled,7/8/2020 6:53,BGB-3111-217,UAT,World,All,All,Huijia.Yu331,Data Manager,2/2/2021 9:29,GMT
BGB-3111-217,UAT,World,1722,UATU0002,BGB UAT Test Site 2,265780,666,8462,Randomized,7/14/2020 6:47,BGB-3111-217,UAT,World,All,All,Huijia.Yu331,Data Manager,2/2/2021 9:29,GMT
BGB-3111-217,UAT,World,1722,UATU0002,BGB UAT Test Site 2,259808,701,8462,Randomized,7/8/2020 2:18,BGB-3111-217,UAT,World,All,All,Huijia.Yu331,Data Manager,2/2/2021 9:29,GMT
BGB-3111-217,UAT,World,1722,UATU0002,BGB UAT Test Site 2,259828,702,8462,Randomized,7/8/2020 3:17,BGB-3111-217,UAT,World,All,All,Huijia.Yu331,Data Manager,2/2/2021 9:29,GMT
BGB-3111-217,UAT,World,1722,UATU0002,BGB UAT Test Site 2,259830,703,8462,Randomized,7/8/2020 3:22,BGB-3111-217,UAT,World,All,All,Huijia.Yu331,Data Manager,2/2/2021 9:29,GMT
BGB-3111-217,UAT,World,1722,UATU0002,BGB UAT Test Site 2,259837,704,8462,Enrolled,7/8/2020 4:55,BGB-3111-217,UAT,World,All,All,Huijia.Yu331,Data Manager,2/2/2021 9:29,GMT
BGB-3111-217,UAT,World,1722,UATU0002,BGB UAT Test Site 2,259852,705,8462,Enrolled,7/8/2020 6:17,BGB-3111-217,UAT,World,All,All,Huijia.Yu331,Data Manager,2/2/2021 9:29,GMT
BGB-3111-217,UAT,World,1722,UATU0002,BGB UAT Test Site 2,261869,706,8462,Enrolled,7/9/2020 2:16,BGB-3111-217,UAT,World,All,All,Huijia.Yu331,Data Manager,2/2/2021 9:29,GMT
BGB-3111-217,UAT,World,1722,UATU0002,BGB UAT Test Site 2,261874,707,8462,Enrolled,7/9/2020 2:25,BGB-3111-217,UAT,World,All,All,Huijia.Yu331,Data Manager,2/2/2021 9:29,GMT
BGB-3111-217,UAT,World,1722,UATU0002,BGB UAT Test Site 2,261883,708,8462,Enrolled,7/9/2020 2:33,BGB-3111-217,UAT,World,All,All,Huijia.Yu331,Data Manager,2/2/2021 9:29,GMT
BGB-3111-217,UAT,World,1722,UATU0002,BGB UAT Test Site 2,261887,709,8462,Enrolled,7/9/2020 2:45,BGB-3111-217,UAT,World,All,All,Huijia.Yu331,Data Manager,2/2/2021 9:29,GMT
BGB-3111-217,UAT,World,1722,UATU0002,BGB UAT Test Site 2,261890,710,8462,Enrolled,7/9/2020 2:54,BGB-3111-217,UAT,World,All,All,Huijia.Yu331,Data Manager,2/2/2021 9:29,GMT
BGB-3111-217,UAT,World,1722,UATU0002,BGB UAT Test Site 2,261894,711,8462,Screening,7/9/2020 3:22,BGB-3111-217,UAT,World,All,All,Huijia.Yu331,Data Manager,2/2/2021 9:29,GMT
BGB-3111-217,UAT,World,1722,UATU0002,BGB UAT Test Site 2,261902,712,8462,Screening,7/9/2020 5:31,BGB-3111-217,UAT,World,All,All,Huijia.Yu331,Data Manager,2/2/2021 9:29,GMT
BGB-3111-217,UAT,World,1722,UATU0002,BGB UAT Test Site 2,261912,713,8462,Screening,7/9/2020 5:42,BGB-3111-217,UAT,World,All,All,Huijia.Yu331,Data Manager,2/2/2021 9:29,GMT
BGB-3111-217,UAT,World,1722,UATU0002,BGB UAT Test Site 2,261914,714,8462,Screening,7/9/2020 5:46,BGB-3111-217,UAT,World,All,All,Huijia.Yu331,Data Manager,2/2/2021 9:29,GMT
BGB-3111-217,UAT,World,1722,UATU0002,BGB UAT Test Site 2,261921,715,8462,Screening,7/9/2020 6:25,BGB-3111-217,UAT,World,All,All,Huijia.Yu331,Data Manager,2/2/2021 9:29,GMT
BGB-3111-217,UAT,World,1722,UATU0002,BGB UAT Test Site 2,261931,716,8462,Screening,7/9/2020 6:58,BGB-3111-217,UAT,World,All,All,Huijia.Yu331,Data Manager,2/2/2021 9:29,GMT
BGB-3111-217,UAT,World,1722,UATU0002,BGB UAT Test Site 2,261955,717,8462,Screening,7/9/2020 7:40,BGB-3111-217,UAT,World,All,All,Huijia.Yu331,Data Manager,2/2/2021 9:29,GMT
BGB-3111-217,UAT,World,1722,UATU0002,BGB UAT Test Site 2,261956,718,8462,Screening,7/9/2020 7:42,BGB-3111-217,UAT,World,All,All,Huijia.Yu331,Data Manager,2/2/2021 9:29,GMT
BGB-3111-217,UAT,World,1722,UATU0002,BGB UAT Test Site 2,261957,719,8462,Screening,7/9/2020 7:50,BGB-3111-217,UAT,World,All,All,Huijia.Yu331,Data Manager,2/2/2021 9:29,GMT
BGB-3111-217,UAT,World,1722,UATU0002,BGB UAT Test Site 2,261958,720,8462,Screening,7/9/2020 7:55,BGB-3111-217,UAT,World,All,All,Huijia.Yu331,Data Manager,2/2/2021 9:29,GMT
BGB-3111-217,UAT,World,1722,UATU0002,BGB UAT Test Site 2,261976,721,8462,Screening,7/9/2020 9:09,BGB-3111-217,UAT,World,All,All,Huijia.Yu331,Data Manager,2/2/2021 9:29,GMT
BGB-3111-217,UAT,World,1722,UATU0002,BGB UAT Test Site 2,262295,725,8462,Screening,7/10/2020 6:43,BGB-3111-217,UAT,World,All,All,Huijia.Yu331,Data Manager,2/2/2021 9:29,GMT
BGB-3111-217,UAT,World,1722,UATU0002,BGB UAT Test Site 2,262323,726,8462,Screening,7/10/2020 8:44,BGB-3111-217,UAT,World,All,All,Huijia.Yu331,Data Manager,2/2/2021 9:29,GMT
BGB-3111-217,UAT,World,1722,UATU0002,BGB UAT Test Site 2,262338,727,8462,Enrolled,7/10/2020 10:37,BGB-3111-217,UAT,World,All,All,Huijia.Yu331,Data Manager,2/2/2021 9:29,GMT
BGB-3111-217,UAT,World,1722,UATU0002,BGB UAT Test Site 2,262518,729,8462,Screening,7/13/2020 2:03,BGB-3111-217,UAT,World,All,All,Huijia.Yu331,Data Manager,2/2/2021 9:29,GMT
BGB-3111-217,UAT,World,1722,UATU0002,BGB UAT Test Site 2,262511,730,8462,Enrolled,7/13/2020 0:54,BGB-3111-217,UAT,World,All,All,Huijia.Yu331,Data Manager,2/2/2021 9:29,GMT
BGB-3111-217,UAT,World,1722,UATU0002,BGB UAT Test Site 2,262532,731,8462,Enrolled,7/13/2020 5:00,BGB-3111-217,UAT,World,All,All,Huijia.Yu331,Data Manager,2/2/2021 9:29,GMT
BGB-3111-217,UAT,World,1722,UATU0002,BGB UAT Test Site 2,262534,732,8462,Enrolled,7/13/2020 5:08,BGB-3111-217,UAT,World,All,All,Huijia.Yu331,Data Manager,2/2/2021 9:29,GMT
BGB-3111-217,UAT,World,1722,UATU0002,BGB UAT Test Site 2,273922,MEREDITH,8537,Randomized,7/23/2020 16:05,BGB-3111-217,UAT,World,All,All,Huijia.Yu331,Data Manager,2/2/2021 9:29,GMT
BGB-3111-217,UAT,World,1722,UATU0002,BGB UAT Test Site 2,261852,New Subject,8462,Screening,7/9/2020 1:25,BGB-3111-217,UAT,World,All,All,Huijia.Yu331,Data Manager,2/2/2021 9:29,GMT
BGB-3111-217,UAT,World,1723,UATC0003,BGB UAT Test Site 3,253055,1,8134,Screen Failed,6/8/2020 13:32,BGB-3111-217,UAT,World,All,All,Huijia.Yu331,Data Manager,2/2/2021 9:29,GMT
BGB-3111-217,UAT,World,1723,UATC0003,BGB UAT Test Site 3,256913,2,8134,Enrolled,6/15/2020 9:28,BGB-3111-217,UAT,World,All,All,Huijia.Yu331,Data Manager,2/2/2021 9:29,GMT
BGB-3111-217,UAT,World,1723,UATC0003,BGB UAT Test Site 3,258836,3,8134,Enrolled,7/1/2020 3:25,BGB-3111-217,UAT,World,All,All,Huijia.Yu331,Data Manager,2/2/2021 9:29,GMT
BGB-3111-217,UAT,World,1723,UATC0003,BGB UAT Test Site 3,267932,4,8462,Enrolled,7/17/2020 8:05,BGB-3111-217,UAT,World,All,All,Huijia.Yu331,Data Manager,2/2/2021 9:29,GMT
BGB-3111-217,UAT,World,1723,UATC0003,BGB UAT Test Site 3,243006,1234,8134,Screening,5/13/2020 3:12,BGB-3111-217,UAT,World,All,All,Huijia.Yu331,Data Manager,2/2/2021 9:29,GMT
BGB-3111-217,UAT,World,1723,UATC0003,BGB UAT Test Site 3,364305,222333,9567,Randomized,1/29/2021 7:03,BGB-3111-217,UAT,World,All,All,Huijia.Yu331,Data Manager,2/2/2021 9:29,GMT
BGB-3111-217,UAT,World,1723,UATC0003,BGB UAT Test Site 3,252831,2345,8134,Enrolled,6/4/2020 7:49,BGB-3111-217,UAT,World,All,All,Huijia.Yu331,Data Manager,2/2/2021 9:29,GMT
BGB-3111-217,UAT,World,1723,UATC0003,BGB UAT Test Site 3,358038,234567,9518,Screen Failed,1/20/2021 7:00,BGB-3111-217,UAT,World,All,All,Huijia.Yu331,Data Manager,2/2/2021 9:29,GMT
BGB-3111-217,UAT,World,1723,UATC0003,BGB UAT Test Site 3,359205,234568,9518,Screen Failed,1/25/2021 2:16,BGB-3111-217,UAT,World,All,All,Huijia.Yu331,Data Manager,2/2/2021 9:29,GMT
BGB-3111-217,UAT,World,1723,UATC0003,BGB UAT Test Site 3,359208,234569,9518,Randomized,1/25/2021 2:23,BGB-3111-217,UAT,World,All,All,Huijia.Yu331,Data Manager,2/2/2021 9:29,GMT
BGB-3111-217,UAT,World,1723,UATC0003,BGB UAT Test Site 3,364391,333555,9567,Randomized,2/1/2021 2:42,BGB-3111-217,UAT,World,All,All,Huijia.Yu331,Data Manager,2/2/2021 9:29,GMT
BGB-3111-217,UAT,World,1723,UATC0003,BGB UAT Test Site 3,252840,5555,8134,Enrolled,6/4/2020 9:18,BGB-3111-217,UAT,World,All,All,Huijia.Yu331,Data Manager,2/2/2021 9:29,GMT
BGB-3111-217,UAT,World,1723,UATC0003,BGB UAT Test Site 3,366778,555666,9567,Randomized,2/2/2021 6:09,BGB-3111-217,UAT,World,All,All,Huijia.Yu331,Data Manager,2/2/2021 9:29,GMT
BGB-3111-217,UAT,World,1723,UATC0003,BGB UAT Test Site 3,252873,666,8134,Enrolled,6/5/2020 3:52,BGB-3111-217,UAT,World,All,All,Huijia.Yu331,Data Manager,2/2/2021 9:29,GMT
BGB-3111-217,UAT,World,1723,UATC0003,BGB UAT Test Site 3,259796,New Subject,8134,Screening,7/8/2020 1:23,BGB-3111-217,UAT,World,All,All,Huijia.Yu331,Data Manager,2/2/2021 9:29,GMT
BGB-3111-217,UAT,World,1723,UATC0003,BGB UAT Test Site 3,265778,ZYC0714,8462,Screen Failed,7/14/2020 6:29,BGB-3111-217,UAT,World,All,All,Huijia.Yu331,Data Manager,2/2/2021 9:29,GMT
BGB-3111-217,UAT,World,1727,UATC0004,BGB UAT Test Site 4,240226,1,8134,Screening,4/30/2020 2:04,BGB-3111-217,UAT,World,All,All,Huijia.Yu331,Data Manager,2/2/2021 9:29,GMT
BGB-3111-217,UAT,World,1727,UATC0004,BGB UAT Test Site 4,242046,2,8134,Screening,5/6/2020 6:03,BGB-3111-217,UAT,World,All,All,Huijia.Yu331,Data Manager,2/2/2021 9:29,GMT
BGB-3111-217,UAT,World,1727,UATC0004,BGB UAT Test Site 4,251708,3,8134,Screen Failed,6/2/2020 6:12,BGB-3111-217,UAT,World,All,All,Huijia.Yu331,Data Manager,2/2/2021 9:29,GMT
BGB-3111-217,UAT,World,1727,UATC0004,BGB UAT Test Site 4,251799,4,8134,Enrolled,6/3/2020 1:10,BGB-3111-217,UAT,World,All,All,Huijia.Yu331,Data Manager,2/2/2021 9:29,GMT
BGB-3111-217,UAT,World,1727,UATC0004,BGB UAT Test Site 4,251805,5,8134,Enrolled,6/3/2020 2:21,BGB-3111-217,UAT,World,All,All,Huijia.Yu331,Data Manager,2/2/2021 9:29,GMT
BGB-3111-217,UAT,World,1727,UATC0004,BGB UAT Test Site 4,251868,6,8134,Enrolled,6/3/2020 7:45,BGB-3111-217,UAT,World,All,All,Huijia.Yu331,Data Manager,2/2/2021 9:29,GMT
BGB-3111-217,UAT,World,1727,UATC0004,BGB UAT Test Site 4,251913,7,8134,Enrolled,6/3/2020 9:34,BGB-3111-217,UAT,World,All,All,Huijia.Yu331,Data Manager,2/2/2021 9:29,GMT
BGB-3111-217,UAT,World,1727,UATC0004,BGB UAT Test Site 4,252269,8,8134,Enrolled,6/4/2020 1:43,BGB-3111-217,UAT,World,All,All,Huijia.Yu331,Data Manager,2/2/2021 9:29,GMT
BGB-3111-217,UAT,World,1727,UATC0004,BGB UAT Test Site 4,252638,9,8134,Screening,6/4/2020 3:31,BGB-3111-217,UAT,World,All,All,Huijia.Yu331,Data Manager,2/2/2021 9:29,GMT
BGB-3111-217,UAT,World,1727,UATC0004,BGB UAT Test Site 4,252760,10,8134,Enrolled,6/4/2020 4:11,BGB-3111-217,UAT,World,All,All,Huijia.Yu331,Data Manager,2/2/2021 9:29,GMT
BGB-3111-217,UAT,World,1727,UATC0004,BGB UAT Test Site 4,252804,11,8134,Randomized,6/4/2020 4:51,BGB-3111-217,UAT,World,All,All,Huijia.Yu331,Data Manager,2/2/2021 9:29,GMT
BGB-3111-217,UAT,World,1727,UATC0004,BGB UAT Test Site 4,252807,12,8134,Enrolled,6/4/2020 5:23,BGB-3111-217,UAT,World,All,All,Huijia.Yu331,Data Manager,2/2/2021 9:29,GMT
BGB-3111-217,UAT,World,1727,UATC0004,BGB UAT Test Site 4,252808,13,8134,Enrolled,6/4/2020 5:58,BGB-3111-217,UAT,World,All,All,Huijia.Yu331,Data Manager,2/2/2021 9:29,GMT
BGB-3111-217,UAT,World,1727,UATC0004,BGB UAT Test Site 4,252818,14,8134,Screening,6/4/2020 6:51,BGB-3111-217,UAT,World,All,All,Huijia.Yu331,Data Manager,2/2/2021 9:29,GMT
BGB-3111-217,UAT,World,1727,UATC0004,BGB UAT Test Site 4,252823,15,8134,Enrolled,6/4/2020 7:00,BGB-3111-217,UAT,World,All,All,Huijia.Yu331,Data Manager,2/2/2021 9:29,GMT
BGB-3111-217,UAT,World,1727,UATC0004,BGB UAT Test Site 4,252829,16,8134,Screening,6/4/2020 7:29,BGB-3111-217,UAT,World,All,All,Huijia.Yu331,Data Manager,2/2/2021 9:29,GMT
BGB-3111-217,UAT,World,1727,UATC0004,BGB UAT Test Site 4,252830,17,8134,Screening,6/4/2020 7:44,BGB-3111-217,UAT,World,All,All,Huijia.Yu331,Data Manager,2/2/2021 9:29,GMT
BGB-3111-217,UAT,World,1727,UATC0004,BGB UAT Test Site 4,252834,20,8134,Enrolled,6/4/2020 7:55,BGB-3111-217,UAT,World,All,All,Huijia.Yu331,Data Manager,2/2/2021 9:29,GMT
BGB-3111-217,UAT,World,1727,UATC0004,BGB UAT Test Site 4,252838,22,8134,Screening,6/4/2020 9:14,BGB-3111-217,UAT,World,All,All,Huijia.Yu331,Data Manager,2/2/2021 9:29,GMT
BGB-3111-217,UAT,World,1727,UATC0004,BGB UAT Test Site 4,318189,23,9133,Randomized,11/9/2020 9:47,BGB-3111-217,UAT,World,All,All,Huijia.Yu331,Data Manager,2/2/2021 9:29,GMT
BGB-3111-217,UAT,World,1727,UATC0004,BGB UAT Test Site 4,318193,24,9133,Randomized,11/9/2020 10:22,BGB-3111-217,UAT,World,All,All,Huijia.Yu331,Data Manager,2/2/2021 9:29,GMT
BGB-3111-217,UAT,World,1727,UATC0004,BGB UAT Test Site 4,322295,25,9133,Early Terminated,11/18/2020 9:44,BGB-3111-217,UAT,World,All,All,Huijia.Yu331,Data Manager,2/2/2021 9:29,GMT
BGB-3111-217,UAT,World,1727,UATC0004,BGB UAT Test Site 4,323001,30,9133,Discontinued,11/24/2020 5:38,BGB-3111-217,UAT,World,All,All,Huijia.Yu331,Data Manager,2/2/2021 9:29,GMT
BGB-3111-217,UAT,World,1727,UATC0004,BGB UAT Test Site 4,323010,31,9133,Screen Failed,11/24/2020 5:42,BGB-3111-217,UAT,World,All,All,Huijia.Yu331,Data Manager,2/2/2021 9:29,GMT
BGB-3111-217,UAT,World,1727,UATC0004,BGB UAT Test Site 4,323011,32,9133,Randomized,11/24/2020 5:43,BGB-3111-217,UAT,World,All,All,Huijia.Yu331,Data Manager,2/2/2021 9:29,GMT
BGB-3111-217,UAT,World,1727,UATC0004,BGB UAT Test Site 4,353005,33,9133,Randomized,1/7/2021 5:57,BGB-3111-217,UAT,World,All,All,Huijia.Yu331,Data Manager,2/2/2021 9:29,GMT
BGB-3111-217,UAT,World,1727,UATC0004,BGB UAT Test Site 4,355610,34,9133,Discontinued,1/15/2021 2:06,BGB-3111-217,UAT,World,All,All,Huijia.Yu331,Data Manager,2/2/2021 9:29,GMT
BGB-3111-217,UAT,World,1727,UATC0004,BGB UAT Test Site 4,358056,35,9518,Randomized,1/20/2021 7:55,BGB-3111-217,UAT,World,All,All,Huijia.Yu331,Data Manager,2/2/2021 9:29,GMT
BGB-3111-217,UAT,World,1727,UATC0004,BGB UAT Test Site 4,358420,36,9518,Randomized,1/21/2021 9:17,BGB-3111-217,UAT,World,All,All,Huijia.Yu331,Data Manager,2/2/2021 9:29,GMT
BGB-3111-217,UAT,World,1727,UATC0004,BGB UAT Test Site 4,359251,37,9518,Completed,1/25/2021 5:45,BGB-3111-217,UAT,World,All,All,Huijia.Yu331,Data Manager,2/2/2021 9:29,GMT
BGB-3111-217,UAT,World,1727,UATC0004,BGB UAT Test Site 4,359561,38,9518,Randomized,1/26/2021 13:46,BGB-3111-217,UAT,World,All,All,Huijia.Yu331,Data Manager,2/2/2021 9:29,GMT
BGB-3111-217,UAT,World,1727,UATC0004,BGB UAT Test Site 4,358042,CO1-1,9518,Screen Failed,1/20/2021 7:23,BGB-3111-217,UAT,World,All,All,Huijia.Yu331,Data Manager,2/2/2021 9:29,GMT
BGB-3111-217,UAT,World,1727,UATC0004,BGB UAT Test Site 4,358055,CO1-2,9518,Randomized,1/20/2021 7:48,BGB-3111-217,UAT,World,All,All,Huijia.Yu331,Data Manager,2/2/2021 9:29,GMT
BGB-3111-217,UAT,World,1727,UATC0004,BGB UAT Test Site 4,358400,CO1-3,9518,Randomized,1/21/2021 7:21,BGB-3111-217,UAT,World,All,All,Huijia.Yu331,Data Manager,2/2/2021 9:29,GMT
BGB-3111-217,UAT,World,1727,UATC0004,BGB UAT Test Site 4,358413,CO1-4,9518,Screen Failed,1/21/2021 8:34,BGB-3111-217,UAT,World,All,All,Huijia.Yu331,Data Manager,2/2/2021 9:29,GMT
BGB-3111-217,UAT,World,1727,UATC0004,BGB UAT Test Site 4,363414,CO1-5,9567,Completed,1/28/2021 7:59,BGB-3111-217,UAT,World,All,All,Huijia.Yu331,Data Manager,2/2/2021 9:29,GMT
BGB-3111-217,UAT,World,1727,UATC0004,BGB UAT Test Site 4,364353,MR-10,9567,Completed,1/31/2021 13:45,BGB-3111-217,UAT,World,All,All,Huijia.Yu331,Data Manager,2/2/2021 9:29,GMT
BGB-3111-217,UAT,World,1727,UATC0004,BGB UAT Test Site 4,364354,MR-11,9567,Randomized,1/31/2021 13:45,BGB-3111-217,UAT,World,All,All,Huijia.Yu331,Data Manager,2/2/2021 9:29,GMT
BGB-3111-217,UAT,World,1727,UATC0004,BGB UAT Test Site 4,364355,MR-12,9567,Early Terminated,1/31/2021 13:45,BGB-3111-217,UAT,World,All,All,Huijia.Yu331,Data Manager,2/2/2021 9:29,GMT
BGB-3111-217,UAT,World,1727,UATC0004,BGB UAT Test Site 4,364356,MR-13,9567,Randomized,1/31/2021 13:45,BGB-3111-217,UAT,World,All,All,Huijia.Yu331,Data Manager,2/2/2021 9:29,GMT
BGB-3111-217,UAT,World,1727,UATC0004,BGB UAT Test Site 4,364357,MR-14,9567,Randomized,1/31/2021 13:45,BGB-3111-217,UAT,World,All,All,Huijia.Yu331,Data Manager,2/2/2021 9:29,GMT
BGB-3111-217,UAT,World,1727,UATC0004,BGB UAT Test Site 4,364358,MR-15,9567,Randomized,1/31/2021 13:45,BGB-3111-217,UAT,World,All,All,Huijia.Yu331,Data Manager,2/2/2021 9:29,GMT
BGB-3111-217,UAT,World,1727,UATC0004,BGB UAT Test Site 4,364359,MR-16,9567,Randomized,1/31/2021 13:45,BGB-3111-217,UAT,World,All,All,Huijia.Yu331,Data Manager,2/2/2021 9:29,GMT
BGB-3111-217,UAT,World,1727,UATC0004,BGB UAT Test Site 4,364360,MR-17,9567,Randomized,1/31/2021 13:45,BGB-3111-217,UAT,World,All,All,Huijia.Yu331,Data Manager,2/2/2021 9:29,GMT
BGB-3111-217,UAT,World,1727,UATC0004,BGB UAT Test Site 4,364361,MR-18,9567,Randomized,1/31/2021 13:45,BGB-3111-217,UAT,World,All,All,Huijia.Yu331,Data Manager,2/2/2021 9:29,GMT
BGB-3111-217,UAT,World,1727,UATC0004,BGB UAT Test Site 4,364362,MR-19,9567,Randomized,1/31/2021 13:45,BGB-3111-217,UAT,World,All,All,Huijia.Yu331,Data Manager,2/2/2021 9:29,GMT
BGB-3111-217,UAT,World,1727,UATC0004,BGB UAT Test Site 4,364345,MR-2,9567,Screen Failed,1/31/2021 13:41,BGB-3111-217,UAT,World,All,All,Huijia.Yu331,Data Manager,2/2/2021 9:29,GMT
BGB-3111-217,UAT,World,1727,UATC0004,BGB UAT Test Site 4,364363,MR-20,9567,Randomized,1/31/2021 13:45,BGB-3111-217,UAT,World,All,All,Huijia.Yu331,Data Manager,2/2/2021 9:29,GMT
BGB-3111-217,UAT,World,1727,UATC0004,BGB UAT Test Site 4,364364,MR-21,9567,Randomized,1/31/2021 13:45,BGB-3111-217,UAT,World,All,All,Huijia.Yu331,Data Manager,2/2/2021 9:29,GMT
BGB-3111-217,UAT,World,1727,UATC0004,BGB UAT Test Site 4,364365,MR-22,9567,Randomized,1/31/2021 13:46,BGB-3111-217,UAT,World,All,All,Huijia.Yu331,Data Manager,2/2/2021 9:29,GMT
BGB-3111-217,UAT,World,1727,UATC0004,BGB UAT Test Site 4,364366,MR-23,9567,Randomized,1/31/2021 13:46,BGB-3111-217,UAT,World,All,All,Huijia.Yu331,Data Manager,2/2/2021 9:29,GMT
BGB-3111-217,UAT,World,1727,UATC0004,BGB UAT Test Site 4,364367,MR-24,9567,Early Terminated,1/31/2021 13:46,BGB-3111-217,UAT,World,All,All,Huijia.Yu331,Data Manager,2/2/2021 9:29,GMT
BGB-3111-217,UAT,World,1727,UATC0004,BGB UAT Test Site 4,364368,MR-25,9567,Early Terminated,1/31/2021 13:46,BGB-3111-217,UAT,World,All,All,Huijia.Yu331,Data Manager,2/2/2021 9:29,GMT
BGB-3111-217,UAT,World,1727,UATC0004,BGB UAT Test Site 4,364369,MR-26,9567,Early Terminated,1/31/2021 13:46,BGB-3111-217,UAT,World,All,All,Huijia.Yu331,Data Manager,2/2/2021 9:29,GMT
BGB-3111-217,UAT,World,1727,UATC0004,BGB UAT Test Site 4,364370,MR-27,9567,Early Terminated,1/31/2021 13:46,BGB-3111-217,UAT,World,All,All,Huijia.Yu331,Data Manager,2/2/2021 9:29,GMT
BGB-3111-217,UAT,World,1727,UATC0004,BGB UAT Test Site 4,364371,MR-28,9567,Early Terminated,1/31/2021 13:46,BGB-3111-217,UAT,World,All,All,Huijia.Yu331,Data Manager,2/2/2021 9:29,GMT
BGB-3111-217,UAT,World,1727,UATC0004,BGB UAT Test Site 4,364372,MR-29,9567,Early Terminated,1/31/2021 13:46,BGB-3111-217,UAT,World,All,All,Huijia.Yu331,Data Manager,2/2/2021 9:29,GMT
BGB-3111-217,UAT,World,1727,UATC0004,BGB UAT Test Site 4,364346,MR-3,9567,Randomized,1/31/2021 13:44,BGB-3111-217,UAT,World,All,All,Huijia.Yu331,Data Manager,2/2/2021 9:29,GMT
BGB-3111-217,UAT,World,1727,UATC0004,BGB UAT Test Site 4,364373,MR-30,9567,Randomized,1/31/2021 13:46,BGB-3111-217,UAT,World,All,All,Huijia.Yu331,Data Manager,2/2/2021 9:29,GMT
BGB-3111-217,UAT,World,1727,UATC0004,BGB UAT Test Site 4,366425,MR-31,9567,Screening,2/2/2021 5:39,BGB-3111-217,UAT,World,All,All,Huijia.Yu331,Data Manager,2/2/2021 9:29,GMT
BGB-3111-217,UAT,World,1727,UATC0004,BGB UAT Test Site 4,364347,MR-4,9567,Randomized,1/31/2021 13:44,BGB-3111-217,UAT,World,All,All,Huijia.Yu331,Data Manager,2/2/2021 9:29,GMT
BGB-3111-217,UAT,World,1727,UATC0004,BGB UAT Test Site 4,364348,MR-5,9567,Randomized,1/31/2021 13:44,BGB-3111-217,UAT,World,All,All,Huijia.Yu331,Data Manager,2/2/2021 9:29,GMT
BGB-3111-217,UAT,World,1727,UATC0004,BGB UAT Test Site 4,364349,MR-6,9567,Randomized,1/31/2021 13:44,BGB-3111-217,UAT,World,All,All,Huijia.Yu331,Data Manager,2/2/2021 9:29,GMT
BGB-3111-217,UAT,World,1727,UATC0004,BGB UAT Test Site 4,364350,MR-7,9567,Randomized,1/31/2021 13:45,BGB-3111-217,UAT,World,All,All,Huijia.Yu331,Data Manager,2/2/2021 9:29,GMT
BGB-3111-217,UAT,World,1727,UATC0004,BGB UAT Test Site 4,364351,MR-8,9567,Early Terminated,1/31/2021 13:45,BGB-3111-217,UAT,World,All,All,Huijia.Yu331,Data Manager,2/2/2021 9:29,GMT
BGB-3111-217,UAT,World,1727,UATC0004,BGB UAT Test Site 4,364352,MR-9,9567,Randomized,1/31/2021 13:45,BGB-3111-217,UAT,World,All,All,Huijia.Yu331,Data Manager,2/2/2021 9:29,GMT
